Report_Type,Dataset,Hour,Broj_redova,Better_Model_by_MAE,Baseline_MAE,LSTM_MAE,MAE_Improvement_percent,Baseline_RMSE,LSTM_RMSE,RMSE_Improvement_percent,Baseline_MAPE,LSTM_MAPE,MAPE_Improvement_percent,Baseline_sMAPE,LSTM_sMAPE,sMAPE_Improvement_percent,Baseline_WAPE,LSTM_WAPE,WAPE_Improvement_percent
summary,test,,4977,lstm_seq48_h64_l2_d0p2_lr0p0005_bs64,0.5123,0.3267,36.2288,0.7611,0.4826,36.5918,66.8003,39.308,41.156,49.2873,34.5356,29.93,53.4677,33.9633,36.4788
hourly,test,0,207,lstm_seq48_h64_l2_d0p2_lr0p0005_bs64,0.3801,0.2461,35.2539,0.6354,0.4167,34.4193,59.6888,33.2859,44.2343,44.3764,33.9342,23.531,57.6468,37.1824,35.4996
hourly,test,1,207,lstm_seq48_h64_l2_d0p2_lr0p0005_bs64,0.3026,0.1933,36.1203,0.5131,0.3254,36.5816,53.2864,26.869,49.5763,41.3129,30.3248,26.5973,53.2932,33.9725,36.2536
hourly,test,2,207,lstm_seq48_h64_l2_d0p2_lr0p0005_bs64,0.3112,0.1656,46.7866,0.4887,0.2799,42.7256,58.843,25.1679,57.2287,46.0793,27.8192,39.6276,58.9188,31.3835,46.7343
hourly,test,3,207,lstm_seq48_h64_l2_d0p2_lr0p0005_bs64,0.2354,0.128,45.6245,0.4232,0.2351,44.4471,46.9679,22.556,51.9757,36.4655,23.2881,36.1366,50.4141,27.4836,45.4843
hourly,test,4,207,lstm_seq48_h64_l2_d0p2_lr0p0005_bs64,0.2342,0.1503,35.8241,0.3894,0.249,36.0555,50.0913,28.1848,43.7331,38.7732,28.4012,26.7504,50.5237,32.4553,35.7622
hourly,test,5,207,lstm_seq48_h64_l2_d0p2_lr0p0005_bs64,0.2077,0.1678,19.2104,0.3942,0.2652,32.7245,42.0626,37.1145,11.7637,34.3183,32.0097,6.727,46.2812,37.4189,19.1488
hourly,test,6,207,lstm_seq48_h64_l2_d0p2_lr0p0005_bs64,0.3094,0.226,26.9554,0.4335,0.3011,30.5421,51.704,39.0844,24.4074,43.7469,33.4114,23.6257,47.5159,34.762,26.8413
hourly,test,7,207,lstm_seq48_h64_l2_d0p2_lr0p0005_bs64,0.5629,0.4351,22.7039,0.7915,0.5679,28.2502,69.1389,46.9873,32.0393,48.436,37.289,23.0139,42.5679,33.1631,22.0936
hourly,test,8,207,lstm_seq48_h64_l2_d0p2_lr0p0005_bs64,0.52,0.3051,41.3269,0.7297,0.411,43.6755,57.7216,33.9689,41.1505,43.2804,27.1131,37.3548,41.3451,24.3579,41.0864
hourly,test,9,207,lstm_seq48_h64_l2_d0p2_lr0p0005_bs64,0.5104,0.3377,33.8362,0.7093,0.4714,33.5401,58.3392,39.4578,32.3649,44.3847,32.2144,27.42,42.5986,28.1351,33.953
hourly,test,10,207,lstm_seq48_h64_l2_d0p2_lr0p0005_bs64,0.5338,0.3775,29.2806,0.7755,0.53,31.657,66.8597,43.7435,34.5742,47.5829,35.8419,24.6748,46.9347,33.057,29.5681
hourly,test,11,207,lstm_seq48_h64_l2_d0p2_lr0p0005_bs64,0.5831,0.3942,32.3958,0.8667,0.5438,37.2563,73.1299,43.9455,39.9076,49.4234,38.7668,21.5619,51.2914,34.4859,32.7648
hourly,test,12,207,lstm_seq48_h64_l2_d0p2_lr0p0005_bs64,0.6323,0.4105,35.0783,0.8984,0.5855,34.8286,74.8847,42.2539,43.5747,55.112,38.327,30.4562,57.2329,36.8091,35.6854
hourly,test,13,207,lstm_seq48_h64_l2_d0p2_lr0p0005_bs64,0.5961,0.3535,40.6979,0.8328,0.474,43.0836,79.2225,39.2945,50.3998,55.2056,36.9436,33.08,57.2387,33.5602,41.368
hourly,test,14,207,lstm_seq48_h64_l2_d0p2_lr0p0005_bs64,0.5814,0.3745,35.5865,0.8257,0.5247,36.4539,77.8892,44.3762,43.0265,54.3858,39.2922,27.7528,59.1814,37.8502,36.0438
hourly,test,15,208,lstm_seq48_h64_l2_d0p2_lr0p0005_bs64,0.6007,0.3288,45.2639,0.807,0.4845,39.9628,85.809,39.6085,53.8411,60.9069,35.9451,40.9835,66.195,36.0971,45.4685
hourly,test,16,208,lstm_seq48_h64_l2_d0p2_lr0p0005_bs64,0.567,0.316,44.2681,0.7666,0.4261,44.4169,81.9517,46.0803,43.7714,61.0886,38.4394,37.076,69.077,38.3228,44.5216
hourly,test,17,208,lstm_seq48_h64_l2_d0p2_lr0p0005_bs64,0.5785,0.3519,39.1703,0.8195,0.5021,38.7309,77.7173,46.2354,40.5082,56.622,39.3597,30.4869,65.4507,39.6611,39.4031
hourly,test,18,208,lstm_seq48_h64_l2_d0p2_lr0p0005_bs64,0.6608,0.4191,36.5769,0.9894,0.64,35.3143,74.8548,46.6266,37.7106,54.5885,39.3254,27.9603,61.6876,39.2811,36.3225
hourly,test,19,208,lstm_seq48_h64_l2_d0p2_lr0p0005_bs64,0.7251,0.4378,39.6221,0.9789,0.5991,38.7987,79.5865,47.5382,40.2685,55.5622,37.075,33.273,56.0006,33.4798,40.2153
hourly,test,20,208,lstm_seq48_h64_l2_d0p2_lr0p0005_bs64,0.7028,0.4446,36.7388,0.9619,0.5916,38.4967,71.9791,44.4529,38.2419,51.1669,33.3197,34.8804,47.7692,29.9495,37.3037
hourly,test,21,208,lstm_seq48_h64_l2_d0p2_lr0p0005_bs64,0.7559,0.5122,32.2397,0.9979,0.6694,32.9191,67.8852,44.692,34.1653,51.2163,36.9457,27.8634,49.8432,33.4383,32.913
hourly,test,22,208,lstm_seq48_h64_l2_d0p2_lr0p0005_bs64,0.6476,0.4231,34.6665,0.8377,0.5614,32.9832,67.7786,40.8417,39.7425,52.7603,35.983,31.7991,53.5903,34.7582,35.1409
hourly,test,23,208,lstm_seq48_h64_l2_d0p2_lr0p0005_bs64,0.5513,0.3386,38.5815,0.8031,0.5158,35.7739,75.4286,40.8188,45.8842,55.834,37.3744,33.0616,64.9254,39.6877,38.8718
